title,repo_url,status,progress_percent,progress_metric,matched_functions,total_functions,progress_note,source_url,checked_on
"Super Mario 64","https://github.com/n64decomp/sm64",complete,100,declared_complete,,,"Complete decompilation per the repository README","https://github.com/n64decomp/sm64",2026-10-02
"Kirby 64: The Crystal Shards","https://github.com/Kirby64Ret/kirby64",in_progress,60,bytes_pct_unverified,,,"About 60% measured in bytes; from PR #61 (open, unmerged); unverified","https://github.com/Kirby64Ret/kirby64/pull/61",2026-10-02
"Aidyn Chronicles: The First Mage","https://github.com/blackgamma7/Aidyn",in_progress,,none,,,"README states the repo holds pseudocode, symbol tables and headers, not usable code; no progress number published","https://github.com/blackgamma7/Aidyn",2026-10-03
"Banjo-Kazooie","https://github.com/n64decomp/banjo-kazooie",complete,100,readme_pct,,,"README heading shows 100.0000% with a progress badge; covers US v1.0, US v1.1, JP and PAL; GitHub mirror of a GitLab primary repo","https://github.com/n64decomp/banjo-kazooie",2026-10-03
"Blast Corps","https://github.com/retroplastic/blastcorps",inactive,,none,,,"README says naming and documentation are in progress; no progress number published; last commit 2021-12-28 (inactive is inferred from the commit history, not declared by the authors)","https://github.com/retroplastic/blastcorps",2026-10-03
"Body Harvest","https://github.com/jaytheham/body-harvest-decompilation",in_progress,46.76,matched_functions_pct,1264,2703,"From docs/progress.json generated 2026-04-16: 1264 of 2703 functions matched (46.76%); 62.26% decompiled counting non-matching functions; file keeps a weekly history from 2026-02-01 to 2026-04-12 (11 points, each with a commit hash); repository has commits after that date (latest 2026-10-03), so figures may be out of date","https://github.com/jaytheham/body-harvest-decompilation/blob/master/docs/progress.json",2026-10-03
"Bomberman 64","https://github.com/MarioMaster96/bomberman-64",inactive,,none,,,"README has only a title and a one-line description; no version, status or progress number; 7 commits, all between 2020-11-21 and 2020-11-25 (inactive is inferred from the commit history, not declared by the authors)","https://github.com/MarioMaster96/bomberman-64",2026-10-03
"Mario Kart 64","https://github.com/n64decomp/mk64",complete,100,badge_pct,,,"README progress badge (total_progress.svg) reads 'Total progress 100.0%'; covers USA, EUR 1.0 and EUR 1.1; README says naming and documentation continue; last commit 2026-08-12","https://github.com/n64decomp/mk64",2026-10-03
"Mario Party 3","https://github.com/mariopartyrd/marioparty3",in_progress,,none,,,"README has only build instructions; the repo ships tools/progress.py which computes matched function counts but needs a local build from the user's own ROM, and no number is published; US release only; last commit 2026-09-24","https://github.com/mariopartyrd/marioparty3",2026-10-03
"Mischief Makers","https://github.com/Drahsid/mischief-makers",in_progress,53.52,decomp_dev_matched_code_pct,,,"decomp.dev report for the US 1.1 release (us1): 53.52% matched code, code size 1.99 MB, at commit d57c1e8 (2026-09-19); README says other versions have very minor support","https://decomp.dev/Drahsid/mischief-makers",2026-10-03
"Neon Genesis Evangelion 64","https://github.com/farisawan-2000/evangelion",inactive,,none,,,"README calls it a WIP decompilation and publishes no progress number; about 124 commits; last commit 2025-07-13 (inactive means no commits for more than 12 months, inferred from the commit history, not declared by the authors)","https://github.com/farisawan-2000/evangelion",2026-10-03
"Paper Mario","https://github.com/pmret/papermario",complete,100,badge_pct,,,"README progress badges (served by papermar.io) read 100.00% for US, PAL and iQue and 100.17% for JP (above 100% as published); README still calls it a work-in-progress decompilation; last commit 2026-09-26","https://github.com/pmret/papermario",2026-10-03
"Pokemon Snap","https://github.com/ethteck/pokemonsnap",in_progress,97.35,decomp_dev_matched_code_pct,,,"decomp.dev report for the US release: 97.35% matched code (code size 987.26 kB) at commit 1978bb5 (2026-08-29); the README's functions badge reads 99.81% of functions matched; README calls it a WIP decomp; US release only","https://decomp.dev/ethteck/pokemonsnap/us",2026-10-03
"Pokemon Stadium","https://github.com/ethteck/pokemonstadium",inactive,,none,,,"README calls it a WIP decomp and publishes no progress number; US release only; about 11 commits; last commit 2021-10-17 (inactive means no commits for more than 12 months, inferred from the commit history, not declared by the authors)","https://github.com/ethteck/pokemonstadium",2026-10-03
"Rocket: Robot on Wheels","https://github.com/RocketRet/Rocket-Robot-On-Wheels",inactive,,none,,,"README has only a description and build instructions; no progress number published; about 83 commits; last commit 2023-01-15 (inactive means no commits for more than 12 months, inferred from the commit history, not declared by the authors)","https://github.com/RocketRet/Rocket-Robot-On-Wheels",2026-10-03
"Yoshis Story","https://github.com/decompals/yoshis-story",in_progress,13.31,deco_mp_code_pct,,,"README calls it a WIP decomp (US only); the README progress badge (progress.deco.mp, code size 594144 bytes) reads 13.31% (79072 bytes); that service last recorded a data point on 2024-12-25 and the latest commit (2026-04-19) removed the progress tracking, so the figure is stale; 82 commits; last commit 2026-04-19","https://github.com/decompals/yoshis-story",2026-10-03
